model_id,model_file,framework,type,n_test,accuracy,f1,precision,recall
logreg_mit_binary,LogReg_mit_binary.pkl,sklearn,classique,49028,0.6940523782328465,0.5968608901311546,0.44503226323594247,0.9059313045606592
svm_mit_binary,svm_mit_mlii_binary.pkl,sklearn,classique,49028,0.6422452476136086,0.5554316419121001,0.40287531713056585,0.8939381577873868
rf_mit_binary,rf_mit_mlii_binary.pkl,sklearn,classique,49028,0.7413722770661663,0.6172653184424992,0.48986729267474727,0.8342171820184384
xgb_mit_binary,XGB_mit_binary.pkl,sklearn,classique,49028,0.44809088684017295,0.4729758681806673,0.31064831397431303,0.9906176062658073
nn_mit_binary,nn_mit_mlii_binary.keras,keras_dense,deep,49028,0.9809904544342009,0.9624556880438285,0.950584865122941,0.9746267439014441
cnn_mit_binary,cnn_mit_mlii_binary_best.keras,keras_cnn,deep,49028,0.9724239210247205,0.9448793215916503,0.9443403145627903,0.9454189442767398
